policy_id,predicted_claim_probability
POL-015001,0.45488
POL-015002,0.52369
POL-015003,0.51247
POL-015004,0.38004
POL-015005,0.53041
POL-015006,0.32471
POL-015007,0.52476
POL-015008,0.41022
POL-015009,0.42185
POL-015010,0.30819
POL-015011,0.60566
POL-015012,0.39256
POL-015013,0.46912
POL-015014,0.35764
POL-015015,0.51629
POL-015016,0.51239
POL-015017,0.41368
POL-015018,0.38391
POL-015019,0.47935
POL-015020,0.49431
POL-015021,0.42474
POL-015022,0.47414
POL-015023,0.48627
POL-015024,0.61516
POL-015025,0.39966
POL-015026,0.26043
POL-015027,0.35962
POL-015028,0.20423
POL-015029,0.38614
POL-015030,0.35135
POL-015031,0.37785
POL-015032,0.2386
POL-015033,0.54605
POL-015034,0.32478
POL-015035,0.43542
POL-015036,0.23778
POL-015037,0.35639
POL-015038,0.40253
POL-015039,0.37544
POL-015040,0.29506
POL-015041,0.29075
POL-015042,0.32734
POL-015043,0.32095
POL-015044,0.341
POL-015045,0.27843
POL-015046,0.47372
POL-015047,0.46565
POL-015048,0.30517
POL-015049,0.33906
POL-015050,0.36816
POL-015051,0.538
POL-015052,0.38894
POL-015053,0.28564
POL-015054,0.59331
POL-015055,0.33875
POL-015056,0.53743
POL-015057,0.52375
POL-015058,0.32056
POL-015059,0.33657
POL-015060,0.41013
POL-015061,0.32898
POL-015062,0.47341
POL-015063,0.45871
POL-015064,0.35441
POL-015065,0.4754
POL-015066,0.41701
POL-015067,0.2658
POL-015068,0.44903
POL-015069,0.50703
POL-015070,0.25514
POL-015071,0.23204
POL-015072,0.43957
POL-015073,0.28494
POL-015074,0.39335
POL-015075,0.3225
POL-015076,0.4678
POL-015077,0.40663
POL-015078,0.46621
POL-015079,0.22383
POL-015080,0.51583
POL-015081,0.45498
POL-015082,0.43424
POL-015083,0.40161
POL-015084,0.41643
POL-015085,0.64623
POL-015086,0.39714
POL-015087,0.44631
POL-015088,0.28636
POL-015089,0.44293
POL-015090,0.62533
POL-015091,0.5618
POL-015092,0.68352
POL-015093,0.43993
POL-015094,0.53548
POL-015095,0.57855
POL-015096,0.32758
POL-015097,0.39698
POL-015098,0.55063
POL-015099,0.37646
POL-015100,0.40346
POL-015101,0.51326
POL-015102,0.4811
POL-015103,0.36741
POL-015104,0.47301
POL-015105,0.3129
POL-015106,0.42812
POL-015107,0.316
POL-015108,0.53659
POL-015109,0.46207
POL-015110,0.4055
POL-015111,0.35325
POL-015112,0.33786
POL-015113,0.59367
POL-015114,0.37859
POL-015115,0.45061
POL-015116,0.45938
POL-015117,0.36357
POL-015118,0.30337
POL-015119,0.52194
POL-015120,0.29929
POL-015121,0.48027
POL-015122,0.43523
POL-015123,0.43458
POL-015124,0.51024
POL-015125,0.56287
POL-015126,0.61724
POL-015127,0.23087
POL-015128,0.48596
POL-015129,0.60199
POL-015130,0.50462
POL-015131,0.66565
POL-015132,0.28961
POL-015133,0.46141
POL-015134,0.49
POL-015135,0.39675
POL-015136,0.42382
POL-015137,0.54267
POL-015138,0.2355
POL-015139,0.23886
POL-015140,0.54034
POL-015141,0.61295
POL-015142,0.21399
POL-015143,0.41105
POL-015144,0.6069
POL-015145,0.15281
POL-015146,0.30715
POL-015147,0.36722
POL-015148,0.27935
POL-015149,0.33563
POL-015150,0.37816
POL-015151,0.46006
POL-015152,0.56577
POL-015153,0.4296
POL-015154,0.21963
POL-015155,0.3462
POL-015156,0.38391
POL-015157,0.40901
POL-015158,0.53814
POL-015159,0.27424
POL-015160,0.36218
POL-015161,0.38085
POL-015162,0.50651
POL-015163,0.28826
POL-015164,0.42383
POL-015165,0.42044
POL-015166,0.19031
POL-015167,0.54765
POL-015168,0.54696
POL-015169,0.48624
POL-015170,0.47407
POL-015171,0.56944
POL-015172,0.3057
POL-015173,0.52356
POL-015174,0.22405
POL-015175,0.59477
POL-015176,0.49354
POL-015177,0.50809
POL-015178,0.23926
POL-015179,0.4662
POL-015180,0.3401
POL-015181,0.51329
POL-015182,0.52992
POL-015183,0.5015
POL-015184,0.27342
POL-015185,0.37953
POL-015186,0.41173
POL-015187,0.30319
POL-015188,0.4478
POL-015189,0.40955
POL-015190,0.31488
POL-015191,0.46512
POL-015192,0.48746
POL-015193,0.30045
POL-015194,0.38212
POL-015195,0.27134
POL-015196,0.42694
POL-015197,0.26653
POL-015198,0.53026
POL-015199,0.5596
POL-015200,0.42726
POL-015201,0.45574
POL-015202,0.49699
POL-015203,0.3922
POL-015204,0.26278
POL-015205,0.51296
POL-015206,0.41418
POL-015207,0.34141
POL-015208,0.49313
POL-015209,0.47006
POL-015210,0.65162
POL-015211,0.42103
POL-015212,0.65011
POL-015213,0.16412
POL-015214,0.5989
POL-015215,0.44674
POL-015216,0.42747
POL-015217,0.22402
POL-015218,0.50293
POL-015219,0.36901
POL-015220,0.44453
POL-015221,0.34885
POL-015222,0.50476
POL-015223,0.39952
POL-015224,0.5535
POL-015225,0.58967
POL-015226,0.29443
POL-015227,0.42517
POL-015228,0.50053
POL-015229,0.4749
POL-015230,0.34815
POL-015231,0.53446
POL-015232,0.41784
POL-015233,0.36814
POL-015234,0.47824
POL-015235,0.49388
POL-015236,0.51323
POL-015237,0.43243
POL-015238,0.47322
POL-015239,0.49286
POL-015240,0.47265
POL-015241,0.45938
POL-015242,0.4698
POL-015243,0.57373
POL-015244,0.40149
POL-015245,0.33452
POL-015246,0.42275
POL-015247,0.43343
POL-015248,0.48465
POL-015249,0.46944
POL-015250,0.42437
POL-015251,0.37042
POL-015252,0.50314
POL-015253,0.44725
POL-015254,0.51726
POL-015255,0.64591
POL-015256,0.47264
POL-015257,0.40242
POL-015258,0.45796
POL-015259,0.66854
POL-015260,0.42997
POL-015261,0.35952
POL-015262,0.51465
POL-015263,0.59447
POL-015264,0.52926
POL-015265,0.60103
POL-015266,0.30034
POL-015267,0.26197
POL-015268,0.39948
POL-015269,0.31099
POL-015270,0.51442
POL-015271,0.17927
POL-015272,0.5801
POL-015273,0.46165
POL-015274,0.37182
POL-015275,0.60823
POL-015276,0.36964
POL-015277,0.52371
POL-015278,0.51166
POL-015279,0.20525
POL-015280,0.44433
POL-015281,0.4001
POL-015282,0.46544
POL-015283,0.41956
POL-015284,0.2606
POL-015285,0.3923
POL-015286,0.36581
POL-015287,0.24955
POL-015288,0.47391
POL-015289,0.47883
POL-015290,0.17966
POL-015291,0.29978
POL-015292,0.47025
POL-015293,0.41385
POL-015294,0.36334
POL-015295,0.4089
POL-015296,0.22458
POL-015297,0.2303
POL-015298,0.48222
POL-015299,0.34594
POL-015300,0.54739
POL-015301,0.57774
POL-015302,0.2809
POL-015303,0.35333
POL-015304,0.53881
POL-015305,0.35786
POL-015306,0.43828
POL-015307,0.46471
POL-015308,0.39092
POL-015309,0.26383
POL-015310,0.28088
POL-015311,0.32356
POL-015312,0.48775
POL-015313,0.54452
POL-015314,0.40551
POL-015315,0.20744
POL-015316,0.37536
POL-015317,0.42193
POL-015318,0.48729
POL-015319,0.30462
POL-015320,0.44917
POL-015321,0.23934
POL-015322,0.53447
POL-015323,0.38422
POL-015324,0.2645
POL-015325,0.34037
POL-015326,0.47963
POL-015327,0.4215
POL-015328,0.40543
POL-015329,0.29611
POL-015330,0.28527
POL-015331,0.52827
POL-015332,0.37966
POL-015333,0.25186
POL-015334,0.46607
POL-015335,0.43741
POL-015336,0.36275
POL-015337,0.28875
POL-015338,0.49162
POL-015339,0.30947
POL-015340,0.42948
POL-015341,0.58829
POL-015342,0.51076
POL-015343,0.32742
POL-015344,0.39535
POL-015345,0.32339
POL-015346,0.45941
POL-015347,0.48368
POL-015348,0.37435
POL-015349,0.63695
POL-015350,0.36643
POL-015351,0.61412
POL-015352,0.51347
POL-015353,0.27988
POL-015354,0.35754
POL-015355,0.27437
POL-015356,0.18469
POL-015357,0.57341
POL-015358,0.29479
POL-015359,0.47403
POL-015360,0.56333
POL-015361,0.31646
POL-015362,0.47065
POL-015363,0.40727
POL-015364,0.32756
POL-015365,0.53019
POL-015366,0.6774
POL-015367,0.36929
POL-015368,0.40542
POL-015369,0.27517
POL-015370,0.38752
POL-015371,0.62709
POL-015372,0.25607
POL-015373,0.50794
POL-015374,0.28438
POL-015375,0.37623
POL-015376,0.2463
POL-015377,0.29982
POL-015378,0.31106
POL-015379,0.29805
POL-015380,0.71012
POL-015381,0.46112
POL-015382,0.46678
POL-015383,0.50646
POL-015384,0.29644
POL-015385,0.38112
POL-015386,0.55924
POL-015387,0.26316
POL-015388,0.49684
POL-015389,0.52792
POL-015390,0.27643
POL-015391,0.43616
POL-015392,0.59094
POL-015393,0.32371
POL-015394,0.51069
POL-015395,0.50417
POL-015396,0.318
POL-015397,0.35273
POL-015398,0.43786
POL-015399,0.36291
POL-015400,0.44404
POL-015401,0.40838
POL-015402,0.55353
POL-015403,0.39601
POL-015404,0.22137
POL-015405,0.50388
POL-015406,0.27827
POL-015407,0.3034
POL-015408,0.415
POL-015409,0.25241
POL-015410,0.43897
POL-015411,0.38494
POL-015412,0.28092
POL-015413,0.29014
POL-015414,0.42005
POL-015415,0.64131
POL-015416,0.39156
POL-015417,0.43373
POL-015418,0.41312
POL-015419,0.34209
POL-015420,0.50284
POL-015421,0.48964
POL-015422,0.47168
POL-015423,0.3786
POL-015424,0.2663
POL-015425,0.20948
POL-015426,0.26887
POL-015427,0.41598
POL-015428,0.45493
POL-015429,0.48153
POL-015430,0.41799
POL-015431,0.40117
POL-015432,0.29252
POL-015433,0.52728
POL-015434,0.1627
POL-015435,0.34886
POL-015436,0.25047
POL-015437,0.30463
POL-015438,0.54918
POL-015439,0.43738
POL-015440,0.55934
POL-015441,0.42829
POL-015442,0.41505
POL-015443,0.22555
POL-015444,0.44104
POL-015445,0.27059
POL-015446,0.37713
POL-015447,0.32823
POL-015448,0.39391
POL-015449,0.54714
POL-015450,0.5157
POL-015451,0.24388
POL-015452,0.43952
POL-015453,0.35751
POL-015454,0.464
POL-015455,0.27322
POL-015456,0.53636
POL-015457,0.40413
POL-015458,0.28179
POL-015459,0.52475
POL-015460,0.43819
POL-015461,0.58646
POL-015462,0.62176
POL-015463,0.3258
POL-015464,0.48585
POL-015465,0.22829
POL-015466,0.39616
POL-015467,0.32441
POL-015468,0.38645
POL-015469,0.48164
POL-015470,0.52148
POL-015471,0.31675
POL-015472,0.36795
POL-015473,0.50486
POL-015474,0.19999
POL-015475,0.30916
POL-015476,0.62868
POL-015477,0.57677
POL-015478,0.45056
POL-015479,0.32612
POL-015480,0.35425
POL-015481,0.45703
POL-015482,0.42997
POL-015483,0.51913
POL-015484,0.27406
POL-015485,0.52358
POL-015486,0.38949
POL-015487,0.65163
POL-015488,0.28428
POL-015489,0.58986
POL-015490,0.22746
POL-015491,0.26579
POL-015492,0.36179
POL-015493,0.63342
POL-015494,0.42669
POL-015495,0.32559
POL-015496,0.32456
POL-015497,0.21626
POL-015498,0.42861
POL-015499,0.36929
POL-015500,0.54489
POL-015501,0.49052
POL-015502,0.5023
POL-015503,0.45858
POL-015504,0.49308
POL-015505,0.27987
POL-015506,0.18592
POL-015507,0.37402
POL-015508,0.54214
POL-015509,0.35331
POL-015510,0.55055
POL-015511,0.32789
POL-015512,0.35089
POL-015513,0.30377
POL-015514,0.44002
POL-015515,0.45817
POL-015516,0.36521
POL-015517,0.19898
POL-015518,0.53376
POL-015519,0.50689
POL-015520,0.58689
POL-015521,0.37796
POL-015522,0.56591
POL-015523,0.58182
POL-015524,0.38443
POL-015525,0.48649
POL-015526,0.30208
POL-015527,0.42056
POL-015528,0.49184
POL-015529,0.46246
POL-015530,0.29931
POL-015531,0.35014
POL-015532,0.3127
POL-015533,0.38371
POL-015534,0.45836
POL-015535,0.57856
POL-015536,0.41058
POL-015537,0.41543
POL-015538,0.44647
POL-015539,0.53138
POL-015540,0.38505
POL-015541,0.49895
POL-015542,0.56019
POL-015543,0.21518
POL-015544,0.49074
POL-015545,0.3332
POL-015546,0.44294
POL-015547,0.54666
POL-015548,0.39285
POL-015549,0.60726
POL-015550,0.35692
POL-015551,0.28948
POL-015552,0.35708
POL-015553,0.17808
POL-015554,0.51974
POL-015555,0.45649
POL-015556,0.55193
POL-015557,0.44264
POL-015558,0.40469
POL-015559,0.46678
POL-015560,0.51801
POL-015561,0.27773
POL-015562,0.19276
POL-015563,0.24228
POL-015564,0.21667
POL-015565,0.4204
POL-015566,0.47602
POL-015567,0.2225
POL-015568,0.33427
POL-015569,0.54234
POL-015570,0.25822
POL-015571,0.51705
POL-015572,0.34416
POL-015573,0.60998
POL-015574,0.30682
POL-015575,0.1956
POL-015576,0.33098
POL-015577,0.2112
POL-015578,0.34703
POL-015579,0.45017
POL-015580,0.30953
POL-015581,0.44883
POL-015582,0.38156
POL-015583,0.44408
POL-015584,0.45309
POL-015585,0.23514
POL-015586,0.42331
POL-015587,0.36944
POL-015588,0.50181
POL-015589,0.46482
POL-015590,0.26702
POL-015591,0.51977
POL-015592,0.33644
POL-015593,0.39075
POL-015594,0.49771
POL-015595,0.33864
POL-015596,0.52
POL-015597,0.29828
POL-015598,0.33154
POL-015599,0.42823
POL-015600,0.48362
POL-015601,0.26509
POL-015602,0.31571
POL-015603,0.38971
POL-015604,0.3528
POL-015605,0.37107
POL-015606,0.41046
POL-015607,0.63937
POL-015608,0.4977
POL-015609,0.50013
POL-015610,0.32108
POL-015611,0.49898
POL-015612,0.51923
POL-015613,0.27204
POL-015614,0.42428
POL-015615,0.41813
POL-015616,0.53852
POL-015617,0.24865
POL-015618,0.49648
POL-015619,0.22431
POL-015620,0.42584
POL-015621,0.47318
POL-015622,0.42889
POL-015623,0.64961
POL-015624,0.2991
POL-015625,0.59813
POL-015626,0.31204
POL-015627,0.47182
POL-015628,0.34681
POL-015629,0.5264
POL-015630,0.43579
POL-015631,0.39802
POL-015632,0.22588
POL-015633,0.27722
POL-015634,0.44535
POL-015635,0.40776
POL-015636,0.61106
POL-015637,0.38142
POL-015638,0.33084
POL-015639,0.50359
POL-015640,0.50236
POL-015641,0.30743
POL-015642,0.61621
POL-015643,0.36888
POL-015644,0.61315
POL-015645,0.30866
POL-015646,0.47999
POL-015647,0.41877
POL-015648,0.22222
POL-015649,0.58092
POL-015650,0.39054
POL-015651,0.31065
POL-015652,0.18406
POL-015653,0.28653
POL-015654,0.45313
POL-015655,0.40371
POL-015656,0.54086
POL-015657,0.45968
POL-015658,0.36446
POL-015659,0.21502
POL-015660,0.23446
POL-015661,0.38209
POL-015662,0.43158
POL-015663,0.42328
POL-015664,0.69611
POL-015665,0.34954
POL-015666,0.33728
POL-015667,0.55554
POL-015668,0.40836
POL-015669,0.53153
POL-015670,0.16799
POL-015671,0.2362
POL-015672,0.31812
POL-015673,0.36669
POL-015674,0.45855
POL-015675,0.33793
POL-015676,0.38274
POL-015677,0.25441
POL-015678,0.45252
POL-015679,0.47991
POL-015680,0.39665
POL-015681,0.34842
POL-015682,0.46373
POL-015683,0.15204
POL-015684,0.40526
POL-015685,0.31339
POL-015686,0.43909
POL-015687,0.51613
POL-015688,0.53369
POL-015689,0.37108
POL-015690,0.28163
POL-015691,0.36165
POL-015692,0.36294
POL-015693,0.51578
POL-015694,0.29883
POL-015695,0.53128
POL-015696,0.23504
POL-015697,0.48193
POL-015698,0.31884
POL-015699,0.52053
POL-015700,0.43145
POL-015701,0.2962
POL-015702,0.49592
POL-015703,0.55699
POL-015704,0.50846
POL-015705,0.42211
POL-015706,0.42564
POL-015707,0.39377
POL-015708,0.26887
POL-015709,0.41872
POL-015710,0.4389
POL-015711,0.38263
POL-015712,0.46805
POL-015713,0.35197
POL-015714,0.27271
POL-015715,0.45082
POL-015716,0.33468
POL-015717,0.62474
POL-015718,0.42598
POL-015719,0.40297
POL-015720,0.27708
POL-015721,0.39816
POL-015722,0.3456
POL-015723,0.52689
POL-015724,0.37566
POL-015725,0.25364
POL-015726,0.48769
POL-015727,0.45248
POL-015728,0.42246
POL-015729,0.55101
POL-015730,0.37135
POL-015731,0.36854
POL-015732,0.39074
POL-015733,0.20518
POL-015734,0.37557
POL-015735,0.59873
POL-015736,0.24164
POL-015737,0.58476
POL-015738,0.19293
POL-015739,0.29726
POL-015740,0.349
POL-015741,0.69403
POL-015742,0.42369
POL-015743,0.29747
POL-015744,0.36261
POL-015745,0.47713
POL-015746,0.25352
POL-015747,0.5993
POL-015748,0.49918
POL-015749,0.25951
POL-015750,0.51493
POL-015751,0.55499
POL-015752,0.38254
POL-015753,0.21748
POL-015754,0.45338
POL-015755,0.42408
POL-015756,0.45406
POL-015757,0.51057
POL-015758,0.45098
POL-015759,0.46251
POL-015760,0.36651
POL-015761,0.37021
POL-015762,0.45685
POL-015763,0.33615
POL-015764,0.27161
POL-015765,0.42315
POL-015766,0.52191
POL-015767,0.60718
POL-015768,0.3965
POL-015769,0.33008
POL-015770,0.2634
POL-015771,0.31204
POL-015772,0.45933
POL-015773,0.3061
POL-015774,0.36116
POL-015775,0.50695
POL-015776,0.49603
POL-015777,0.29084
POL-015778,0.56203
POL-015779,0.59305
POL-015780,0.51817
POL-015781,0.44088
POL-015782,0.38046
POL-015783,0.47261
POL-015784,0.60361
POL-015785,0.47944
POL-015786,0.30722
POL-015787,0.31655
POL-015788,0.29627
POL-015789,0.47453
POL-015790,0.30897
POL-015791,0.54018
POL-015792,0.22691
POL-015793,0.5589
POL-015794,0.46717
POL-015795,0.3263
POL-015796,0.46114
POL-015797,0.54071
POL-015798,0.30347
POL-015799,0.4411
POL-015800,0.36417
POL-015801,0.44818
POL-015802,0.55601
POL-015803,0.50468
POL-015804,0.37583
POL-015805,0.54011
POL-015806,0.55199
POL-015807,0.48305
POL-015808,0.45059
POL-015809,0.38812
POL-015810,0.24077
POL-015811,0.48545
POL-015812,0.37001
POL-015813,0.45626
POL-015814,0.4473
POL-015815,0.47074
POL-015816,0.46334
POL-015817,0.37976
POL-015818,0.3245
POL-015819,0.47068
POL-015820,0.52429
POL-015821,0.39798
POL-015822,0.63887
POL-015823,0.47728
POL-015824,0.54525
POL-015825,0.58954
POL-015826,0.32763
POL-015827,0.57387
POL-015828,0.51078
POL-015829,0.4524
POL-015830,0.49775
POL-015831,0.42871
POL-015832,0.25651
POL-015833,0.46249
POL-015834,0.30158
POL-015835,0.16765
POL-015836,0.31413
POL-015837,0.49416
POL-015838,0.58552
POL-015839,0.42535
POL-015840,0.60091
POL-015841,0.3931
POL-015842,0.26235
POL-015843,0.31912
POL-015844,0.22205
POL-015845,0.36764
POL-015846,0.43079
POL-015847,0.43855
POL-015848,0.33891
POL-015849,0.48266
POL-015850,0.48603
POL-015851,0.44792
POL-015852,0.30141
POL-015853,0.3448
POL-015854,0.60196
POL-015855,0.27863
POL-015856,0.43995
POL-015857,0.42376
POL-015858,0.52828
POL-015859,0.56867
POL-015860,0.39304
POL-015861,0.43727
POL-015862,0.52764
POL-015863,0.44199
POL-015864,0.64607
POL-015865,0.56809
POL-015866,0.46939
POL-015867,0.35139
POL-015868,0.53862
POL-015869,0.42649
POL-015870,0.44578
POL-015871,0.23736
POL-015872,0.5502
POL-015873,0.30966
POL-015874,0.45608
POL-015875,0.68667
POL-015876,0.51625
POL-015877,0.32738
POL-015878,0.28095
POL-015879,0.57936
POL-015880,0.45781
POL-015881,0.37319
POL-015882,0.35577
POL-015883,0.43731
POL-015884,0.43829
POL-015885,0.1488
POL-015886,0.21424
POL-015887,0.76319
POL-015888,0.51933
POL-015889,0.43838
POL-015890,0.41262
POL-015891,0.32994
POL-015892,0.32577
POL-015893,0.46464
POL-015894,0.39927
POL-015895,0.38508
POL-015896,0.49126
POL-015897,0.22931
POL-015898,0.38822
POL-015899,0.39365
POL-015900,0.40773
POL-015901,0.29548
POL-015902,0.41546
POL-015903,0.37709
POL-015904,0.47899
POL-015905,0.4268
POL-015906,0.34297
POL-015907,0.36411
POL-015908,0.46506
POL-015909,0.2548
POL-015910,0.32432
POL-015911,0.49404
POL-015912,0.37923
POL-015913,0.47067
POL-015914,0.27235
POL-015915,0.39688
POL-015916,0.47838
POL-015917,0.32124
POL-015918,0.52498
POL-015919,0.60849
POL-015920,0.53833
POL-015921,0.39764
POL-015922,0.47701
POL-015923,0.3932
POL-015924,0.36826
POL-015925,0.43424
POL-015926,0.4877
POL-015927,0.28329
POL-015928,0.51923
POL-015929,0.35494
POL-015930,0.24036
POL-015931,0.3064
POL-015932,0.49828
POL-015933,0.59941
POL-015934,0.29958
POL-015935,0.62322
POL-015936,0.20328
POL-015937,0.38521
POL-015938,0.39091
POL-015939,0.65151
POL-015940,0.34722
POL-015941,0.21563
POL-015942,0.56772
POL-015943,0.44111
POL-015944,0.64796
POL-015945,0.204
POL-015946,0.30373
POL-015947,0.62599
POL-015948,0.42914
POL-015949,0.51846
POL-015950,0.51029
POL-015951,0.40516
POL-015952,0.31271
POL-015953,0.33819
POL-015954,0.22969
POL-015955,0.32072
POL-015956,0.72221
POL-015957,0.34174
POL-015958,0.54407
POL-015959,0.26192
POL-015960,0.53121
POL-015961,0.37435
POL-015962,0.55139
POL-015963,0.22816
POL-015964,0.2874
POL-015965,0.34796
POL-015966,0.4761
POL-015967,0.46554
POL-015968,0.32849
POL-015969,0.36728
POL-015970,0.20024
POL-015971,0.45194
POL-015972,0.42462
POL-015973,0.29141
POL-015974,0.50678
POL-015975,0.5828
POL-015976,0.4564
POL-015977,0.40823
POL-015978,0.48321
POL-015979,0.52059
POL-015980,0.30893
POL-015981,0.64733
POL-015982,0.22221
POL-015983,0.42056
POL-015984,0.37554
POL-015985,0.34571
POL-015986,0.47264
POL-015987,0.41446
POL-015988,0.60761
POL-015989,0.54137
POL-015990,0.3937
POL-015991,0.40799
POL-015992,0.39927
POL-015993,0.3019
POL-015994,0.50191
POL-015995,0.60728
POL-015996,0.37214
POL-015997,0.48466
POL-015998,0.20091
POL-015999,0.32371
POL-016000,0.19523
POL-016001,0.4467
POL-016002,0.51709
POL-016003,0.37838
POL-016004,0.47044
POL-016005,0.34744
POL-016006,0.49762
POL-016007,0.34955
POL-016008,0.5149
POL-016009,0.4052
POL-016010,0.46046
POL-016011,0.40901
POL-016012,0.45695
POL-016013,0.31177
POL-016014,0.26593
POL-016015,0.39943
POL-016016,0.36609
POL-016017,0.35168
POL-016018,0.34914
POL-016019,0.37818
POL-016020,0.52943
POL-016021,0.28204
POL-016022,0.45453
POL-016023,0.4379
POL-016024,0.67863
POL-016025,0.39004
POL-016026,0.36798
POL-016027,0.65025
POL-016028,0.41437
POL-016029,0.43339
POL-016030,0.55837
POL-016031,0.38915
POL-016032,0.34561
POL-016033,0.33468
POL-016034,0.35627
POL-016035,0.42547
POL-016036,0.31418
POL-016037,0.53996
POL-016038,0.43662
POL-016039,0.49552
POL-016040,0.37204
POL-016041,0.51156
POL-016042,0.39453
POL-016043,0.43515
POL-016044,0.4079
POL-016045,0.36649
POL-016046,0.43858
POL-016047,0.28124
POL-016048,0.50982
POL-016049,0.52941
POL-016050,0.42183
POL-016051,0.53091
POL-016052,0.1918
POL-016053,0.30661
POL-016054,0.53028
POL-016055,0.4735
POL-016056,0.47568
POL-016057,0.37711
POL-016058,0.28507
POL-016059,0.66585
POL-016060,0.38452
POL-016061,0.63335
POL-016062,0.22663
POL-016063,0.43019
POL-016064,0.63611
POL-016065,0.3027
POL-016066,0.52441
POL-016067,0.35774
POL-016068,0.3626
POL-016069,0.53616
POL-016070,0.59524
POL-016071,0.23861
POL-016072,0.59986
POL-016073,0.53201
POL-016074,0.60804
POL-016075,0.42928
POL-016076,0.54314
POL-016077,0.35887
POL-016078,0.40129
POL-016079,0.43704
POL-016080,0.50027
POL-016081,0.47646
POL-016082,0.48138
POL-016083,0.56583
POL-016084,0.53893
POL-016085,0.32606
POL-016086,0.32379
POL-016087,0.34558
POL-016088,0.35397
POL-016089,0.40121
POL-016090,0.47579
POL-016091,0.33993
POL-016092,0.46705
POL-016093,0.36429
POL-016094,0.51194
POL-016095,0.51656
POL-016096,0.54482
POL-016097,0.38948
POL-016098,0.40647
POL-016099,0.24555
POL-016100,0.24069
POL-016101,0.32698
POL-016102,0.47564
POL-016103,0.41353
POL-016104,0.27928
POL-016105,0.32012
POL-016106,0.49254
POL-016107,0.23069
POL-016108,0.3456
POL-016109,0.22868
POL-016110,0.3293
POL-016111,0.51434
POL-016112,0.34326
POL-016113,0.53325
POL-016114,0.38877
POL-016115,0.42407
POL-016116,0.43985
POL-016117,0.45764
POL-016118,0.42943
POL-016119,0.35584
POL-016120,0.47608
POL-016121,0.24415
POL-016122,0.23784
POL-016123,0.60721
POL-016124,0.43408
POL-016125,0.24598
POL-016126,0.50703
POL-016127,0.46873
POL-016128,0.60421
POL-016129,0.4059
POL-016130,0.43059
POL-016131,0.52658
POL-016132,0.47166
POL-016133,0.34781
POL-016134,0.6321
POL-016135,0.57731
POL-016136,0.29976
POL-016137,0.49624
POL-016138,0.49059
POL-016139,0.50226
POL-016140,0.47816
POL-016141,0.2095
POL-016142,0.48844
POL-016143,0.33391
POL-016144,0.29112
POL-016145,0.542
POL-016146,0.37259
POL-016147,0.46298
POL-016148,0.51342
POL-016149,0.5762
POL-016150,0.46222
POL-016151,0.43342
POL-016152,0.3865
POL-016153,0.54989
POL-016154,0.38307
POL-016155,0.27669
POL-016156,0.18142
POL-016157,0.44848
POL-016158,0.32481
POL-016159,0.59252
POL-016160,0.64692
POL-016161,0.49792
POL-016162,0.35435
POL-016163,0.28483
POL-016164,0.51858
POL-016165,0.48512
POL-016166,0.51424
POL-016167,0.49256
POL-016168,0.42935
POL-016169,0.38297
POL-016170,0.56535
POL-016171,0.48646
POL-016172,0.58909
POL-016173,0.59993
POL-016174,0.36355
POL-016175,0.51562
POL-016176,0.46459
POL-016177,0.3507
POL-016178,0.399
POL-016179,0.42985
POL-016180,0.45114
POL-016181,0.44069
POL-016182,0.38199
POL-016183,0.35735
POL-016184,0.19884
POL-016185,0.36131
POL-016186,0.39072
POL-016187,0.31375
POL-016188,0.1743
POL-016189,0.4222
POL-016190,0.33121
POL-016191,0.14607
POL-016192,0.37815
POL-016193,0.25165
POL-016194,0.31204
POL-016195,0.47592
POL-016196,0.45098
POL-016197,0.44555
POL-016198,0.45772
POL-016199,0.50978
POL-016200,0.34666
POL-016201,0.35333
POL-016202,0.48074
POL-016203,0.36925
POL-016204,0.54276
POL-016205,0.66456
POL-016206,0.3993
POL-016207,0.44365
POL-016208,0.26748
POL-016209,0.37207
POL-016210,0.47522
POL-016211,0.54953
POL-016212,0.51948
POL-016213,0.35299
POL-016214,0.27579
POL-016215,0.38508
POL-016216,0.33916
POL-016217,0.22408
POL-016218,0.46876
POL-016219,0.43346
POL-016220,0.40771
POL-016221,0.2445
POL-016222,0.22143
POL-016223,0.35204
POL-016224,0.40268
POL-016225,0.36018
POL-016226,0.57011
POL-016227,0.36051
POL-016228,0.53832
POL-016229,0.53519
POL-016230,0.42343
POL-016231,0.42721
POL-016232,0.70762
POL-016233,0.42194
POL-016234,0.61102
POL-016235,0.56998
POL-016236,0.38757
POL-016237,0.44499
POL-016238,0.60777
POL-016239,0.32092
POL-016240,0.55844
POL-016241,0.32243
POL-016242,0.4468
POL-016243,0.33691
POL-016244,0.48526
POL-016245,0.50199
POL-016246,0.36662
POL-016247,0.31551
POL-016248,0.37278
POL-016249,0.66382
POL-016250,0.41636
POL-016251,0.31676
POL-016252,0.42729
POL-016253,0.39765
POL-016254,0.38759
POL-016255,0.35711
POL-016256,0.30547
POL-016257,0.36248
POL-016258,0.58791
POL-016259,0.43384
POL-016260,0.45342
POL-016261,0.47052
POL-016262,0.31795
POL-016263,0.45494
POL-016264,0.37295
POL-016265,0.32234
POL-016266,0.35088
POL-016267,0.37153
POL-016268,0.58914
POL-016269,0.28011
POL-016270,0.50585
POL-016271,0.48243
POL-016272,0.434
POL-016273,0.51633
POL-016274,0.57347
POL-016275,0.439
POL-016276,0.42538
POL-016277,0.57029
POL-016278,0.63184
POL-016279,0.17957
POL-016280,0.28782
POL-016281,0.51198
POL-016282,0.33547
POL-016283,0.50004
POL-016284,0.4099
POL-016285,0.42541
POL-016286,0.20887
POL-016287,0.38728
POL-016288,0.36698
POL-016289,0.24541
POL-016290,0.4872
POL-016291,0.56392
POL-016292,0.43368
POL-016293,0.60636
POL-016294,0.49776
POL-016295,0.64021
POL-016296,0.41457
POL-016297,0.56336
POL-016298,0.67934
POL-016299,0.55705
POL-016300,0.35944
POL-016301,0.20788
POL-016302,0.46074
POL-016303,0.35618
POL-016304,0.33224
POL-016305,0.33474
POL-016306,0.4567
POL-016307,0.61629
POL-016308,0.37777
POL-016309,0.38544
POL-016310,0.34585
POL-016311,0.4217
POL-016312,0.28837
POL-016313,0.23068
POL-016314,0.42482
POL-016315,0.42941
POL-016316,0.29607
POL-016317,0.40201
POL-016318,0.33608
POL-016319,0.32508
POL-016320,0.46503
POL-016321,0.42412
POL-016322,0.35024
POL-016323,0.47802
POL-016324,0.24981
POL-016325,0.28188
POL-016326,0.32296
POL-016327,0.58698
POL-016328,0.40023
POL-016329,0.5043
POL-016330,0.32403
POL-016331,0.51653
POL-016332,0.22297
POL-016333,0.38768
POL-016334,0.47925
POL-016335,0.26334
POL-016336,0.45632
POL-016337,0.42794
POL-016338,0.38322
POL-016339,0.29941
POL-016340,0.29679
POL-016341,0.28534
POL-016342,0.35493
POL-016343,0.34245
POL-016344,0.40234
POL-016345,0.43467
POL-016346,0.17654
POL-016347,0.61274
POL-016348,0.41607
POL-016349,0.44404
POL-016350,0.31147
POL-016351,0.28817
POL-016352,0.43616
POL-016353,0.30968
POL-016354,0.43233
POL-016355,0.33261
POL-016356,0.35645
POL-016357,0.30415
POL-016358,0.25275
POL-016359,0.27724
POL-016360,0.35023
POL-016361,0.40139
POL-016362,0.36353
POL-016363,0.52306
POL-016364,0.55903
POL-016365,0.31093
POL-016366,0.63819
POL-016367,0.37659
POL-016368,0.30979
POL-016369,0.40197
POL-016370,0.41533
POL-016371,0.49904
POL-016372,0.49085
POL-016373,0.35612
POL-016374,0.51378
POL-016375,0.62122
POL-016376,0.30121
POL-016377,0.26938
POL-016378,0.53753
POL-016379,0.61117
POL-016380,0.57234
POL-016381,0.2081
POL-016382,0.33566
POL-016383,0.41137
POL-016384,0.30101
POL-016385,0.40476
POL-016386,0.52282
POL-016387,0.39567
POL-016388,0.29361
POL-016389,0.38112
POL-016390,0.53985
POL-016391,0.29273
POL-016392,0.44838
POL-016393,0.38556
POL-016394,0.27227
POL-016395,0.2491
POL-016396,0.41311
POL-016397,0.29829
POL-016398,0.48745
POL-016399,0.44348
POL-016400,0.53367
POL-016401,0.24831
POL-016402,0.45134
POL-016403,0.40948
POL-016404,0.37211
POL-016405,0.46032
POL-016406,0.46002
POL-016407,0.45944
POL-016408,0.38396
POL-016409,0.56641
POL-016410,0.46388
POL-016411,0.22776
POL-016412,0.38004
POL-016413,0.42267
POL-016414,0.29129
POL-016415,0.35691
POL-016416,0.17752
POL-016417,0.46256
POL-016418,0.48391
POL-016419,0.21758
POL-016420,0.20564
POL-016421,0.30053
POL-016422,0.56546
POL-016423,0.28915
POL-016424,0.51323
POL-016425,0.58638
POL-016426,0.28588
POL-016427,0.7207
POL-016428,0.56087
POL-016429,0.45538
POL-016430,0.19611
POL-016431,0.26916
POL-016432,0.47991
POL-016433,0.49717
POL-016434,0.30202
POL-016435,0.51399
POL-016436,0.24477
POL-016437,0.33921
POL-016438,0.49828
POL-016439,0.27907
POL-016440,0.40084
POL-016441,0.50457
POL-016442,0.24652
POL-016443,0.54942
POL-016444,0.28728
POL-016445,0.51724
POL-016446,0.44342
POL-016447,0.33625
POL-016448,0.50399
POL-016449,0.58356
POL-016450,0.51911
POL-016451,0.41101
POL-016452,0.40819
POL-016453,0.40758
POL-016454,0.56968
POL-016455,0.47234
POL-016456,0.28475
POL-016457,0.37779
POL-016458,0.46702
POL-016459,0.39918
POL-016460,0.46245
POL-016461,0.38357
POL-016462,0.54135
POL-016463,0.28172
POL-016464,0.25795
POL-016465,0.47149
POL-016466,0.23267
POL-016467,0.61286
POL-016468,0.27029
POL-016469,0.50831
POL-016470,0.37738
POL-016471,0.22274
POL-016472,0.22908
POL-016473,0.34482
POL-016474,0.5324
POL-016475,0.51541
POL-016476,0.35857
POL-016477,0.50855
POL-016478,0.38908
POL-016479,0.29536
POL-016480,0.49845
POL-016481,0.20832
POL-016482,0.49116
POL-016483,0.36928
POL-016484,0.7446
POL-016485,0.29973
POL-016486,0.40405
POL-016487,0.49741
POL-016488,0.40386
POL-016489,0.28008
POL-016490,0.26295
POL-016491,0.29892
POL-016492,0.5156
POL-016493,0.58935
POL-016494,0.44191
POL-016495,0.28113
POL-016496,0.37808
POL-016497,0.43725
POL-016498,0.53814
POL-016499,0.49829
POL-016500,0.23316
POL-016501,0.42465
POL-016502,0.20604
POL-016503,0.43094
POL-016504,0.40563
POL-016505,0.2554
POL-016506,0.23789
POL-016507,0.19025
POL-016508,0.28648
POL-016509,0.2818
POL-016510,0.24595
POL-016511,0.26453
POL-016512,0.17877
POL-016513,0.28463
POL-016514,0.19619
POL-016515,0.29917
POL-016516,0.33542
POL-016517,0.24058
POL-016518,0.18668
POL-016519,0.31766
POL-016520,0.22675
POL-016521,0.19596
POL-016522,0.21168
POL-016523,0.21564
POL-016524,0.13161
POL-016525,0.23735
POL-016526,0.32922
POL-016527,0.40677
POL-016528,0.36845
POL-016529,0.17248
POL-016530,0.3296
POL-016531,0.16362
POL-016532,0.25603
POL-016533,0.1909
POL-016534,0.29742
POL-016535,0.1749
POL-016536,0.22864
POL-016537,0.25905
POL-016538,0.34419
POL-016539,0.36839
POL-016540,0.39898
POL-016541,0.25409
POL-016542,0.33285
POL-016543,0.46148
POL-016544,0.34819
POL-016545,0.4249
POL-016546,0.41694
POL-016547,0.34501
POL-016548,0.22029
POL-016549,0.23608
POL-016550,0.41966
POL-016551,0.43582
POL-016552,0.49107
POL-016553,0.42138
POL-016554,0.40179
POL-016555,0.41608
POL-016556,0.21912
POL-016557,0.38523
POL-016558,0.39191
POL-016559,0.26707
POL-016560,0.27594
POL-016561,0.35069
POL-016562,0.35261
POL-016563,0.3332
POL-016564,0.57744
POL-016565,0.56131
POL-016566,0.39768
POL-016567,0.51658
POL-016568,0.2026
POL-016569,0.20988
POL-016570,0.46257
POL-016571,0.25075
POL-016572,0.33768
POL-016573,0.33574
POL-016574,0.35664
POL-016575,0.4072
POL-016576,0.44366
POL-016577,0.22052
POL-016578,0.17473
POL-016579,0.16262
POL-016580,0.42639
POL-016581,0.19291
POL-016582,0.25779
POL-016583,0.23898
POL-016584,0.28279
POL-016585,0.24127
POL-016586,0.45825
POL-016587,0.31829
POL-016588,0.43221
POL-016589,0.29176
POL-016590,0.41647
POL-016591,0.18559
POL-016592,0.24409
POL-016593,0.44233
POL-016594,0.25505
POL-016595,0.25646
POL-016596,0.33759
POL-016597,0.21002
POL-016598,0.29498
POL-016599,0.31189
POL-016600,0.50265
POL-016601,0.19709
POL-016602,0.47207
POL-016603,0.22201
POL-016604,0.31764
POL-016605,0.29819
POL-016606,0.21003
POL-016607,0.18742
POL-016608,0.44917
POL-016609,0.27507
POL-016610,0.27874
POL-016611,0.30701
POL-016612,0.37847
POL-016613,0.33298
POL-016614,0.39966
POL-016615,0.23002
POL-016616,0.40647
POL-016617,0.51459
POL-016618,0.17478
POL-016619,0.19664
POL-016620,0.42757
POL-016621,0.25527
POL-016622,0.30047
POL-016623,0.38341
POL-016624,0.42057
POL-016625,0.34353
POL-016626,0.39071
POL-016627,0.27362
POL-016628,0.37815
POL-016629,0.36156
POL-016630,0.20987
POL-016631,0.33142
POL-016632,0.31811
POL-016633,0.20356
POL-016634,0.31735
POL-016635,0.29067
POL-016636,0.21559
POL-016637,0.29383
POL-016638,0.2555
POL-016639,0.32491
POL-016640,0.37704
POL-016641,0.29835
POL-016642,0.25826
POL-016643,0.28033
POL-016644,0.20429
POL-016645,0.27352
POL-016646,0.23325
POL-016647,0.53812
POL-016648,0.40643
POL-016649,0.30151
POL-016650,0.36133
POL-016651,0.24296
POL-016652,0.32762
POL-016653,0.39596
POL-016654,0.45594
POL-016655,0.32499
POL-016656,0.2057
POL-016657,0.32833
POL-016658,0.30723
POL-016659,0.31721
POL-016660,0.29963
POL-016661,0.23035
POL-016662,0.14496
POL-016663,0.49152
POL-016664,0.33246
POL-016665,0.19982
POL-016666,0.25709
POL-016667,0.4874
POL-016668,0.24815
POL-016669,0.39847
POL-016670,0.19457
POL-016671,0.45646
POL-016672,0.35988
POL-016673,0.3127
POL-016674,0.16404
POL-016675,0.35193
POL-016676,0.42053
POL-016677,0.31961
POL-016678,0.36568
POL-016679,0.29808
POL-016680,0.41975
POL-016681,0.20863
POL-016682,0.22299
POL-016683,0.24505
POL-016684,0.31297
POL-016685,0.26906
POL-016686,0.21572
POL-016687,0.17142
POL-016688,0.39407
POL-016689,0.27277
POL-016690,0.19693
POL-016691,0.27222
POL-016692,0.4618
POL-016693,0.419
POL-016694,0.34194
POL-016695,0.19901
POL-016696,0.25903
POL-016697,0.3117
POL-016698,0.24774
POL-016699,0.25389
POL-016700,0.22653
POL-016701,0.26778
POL-016702,0.24663
POL-016703,0.49881
POL-016704,0.2718
POL-016705,0.25469
POL-016706,0.47999
POL-016707,0.21865
POL-016708,0.43239
POL-016709,0.18402
POL-016710,0.38211
POL-016711,0.22349
POL-016712,0.22723
POL-016713,0.27726
POL-016714,0.28722
POL-016715,0.27174
POL-016716,0.42922
POL-016717,0.33779
POL-016718,0.44417
POL-016719,0.18962
POL-016720,0.27398
POL-016721,0.40514
POL-016722,0.21594
POL-016723,0.27548
POL-016724,0.32655
POL-016725,0.27936
POL-016726,0.28175
POL-016727,0.32304
POL-016728,0.29591
POL-016729,0.28296
POL-016730,0.2562
POL-016731,0.17689
POL-016732,0.49355
POL-016733,0.25854
POL-016734,0.2507
POL-016735,0.19615
POL-016736,0.47641
POL-016737,0.35547
POL-016738,0.31008
POL-016739,0.23848
POL-016740,0.28487
POL-016741,0.37972
POL-016742,0.34699
POL-016743,0.26272
POL-016744,0.2458
POL-016745,0.17928
POL-016746,0.35697
POL-016747,0.26523
POL-016748,0.22429
POL-016749,0.35545
POL-016750,0.16354
POL-016751,0.1155
POL-016752,0.33397
POL-016753,0.16871
POL-016754,0.40594
POL-016755,0.20056
POL-016756,0.20738
POL-016757,0.38097
POL-016758,0.4005
POL-016759,0.46555
POL-016760,0.38046
POL-016761,0.40452
POL-016762,0.18388
POL-016763,0.28038
POL-016764,0.3276
POL-016765,0.26048
POL-016766,0.51503
POL-016767,0.2163
POL-016768,0.39166
POL-016769,0.26948
POL-016770,0.22671
POL-016771,0.46476
POL-016772,0.34185
POL-016773,0.23307
POL-016774,0.21367
POL-016775,0.37467
POL-016776,0.22137
POL-016777,0.54872
POL-016778,0.36124
POL-016779,0.32795
POL-016780,0.39116
POL-016781,0.34235
POL-016782,0.31967
POL-016783,0.29861
POL-016784,0.20575
POL-016785,0.3068
POL-016786,0.19078
POL-016787,0.25792
POL-016788,0.25929
POL-016789,0.48233
POL-016790,0.27249
POL-016791,0.30113
POL-016792,0.22152
POL-016793,0.21852
POL-016794,0.20653
POL-016795,0.35926
POL-016796,0.42053
POL-016797,0.27207
POL-016798,0.19587
POL-016799,0.42889
POL-016800,0.12708
POL-016801,0.28703
POL-016802,0.39528
POL-016803,0.2501
POL-016804,0.31703
POL-016805,0.2334
POL-016806,0.18688
POL-016807,0.22389
POL-016808,0.33722
POL-016809,0.43443
POL-016810,0.27912
POL-016811,0.22993
POL-016812,0.17392
POL-016813,0.2682
POL-016814,0.32353
POL-016815,0.37083
POL-016816,0.46397
POL-016817,0.20297
POL-016818,0.2116
POL-016819,0.27668
POL-016820,0.18913
POL-016821,0.39829
POL-016822,0.19407
POL-016823,0.22446
POL-016824,0.14921
POL-016825,0.23557
POL-016826,0.23336
POL-016827,0.48218
POL-016828,0.20305
POL-016829,0.32149
POL-016830,0.23722
POL-016831,0.21798
POL-016832,0.2777
POL-016833,0.35367
POL-016834,0.35547
POL-016835,0.33757
POL-016836,0.18829
POL-016837,0.47485
POL-016838,0.2444
POL-016839,0.19691
POL-016840,0.32701
POL-016841,0.37791
POL-016842,0.17132
POL-016843,0.31626
POL-016844,0.3269
POL-016845,0.36329
POL-016846,0.44768
POL-016847,0.2999
POL-016848,0.26533
POL-016849,0.35008
POL-016850,0.30599
POL-016851,0.37624
POL-016852,0.33743
POL-016853,0.30434
POL-016854,0.21904
POL-016855,0.35869
POL-016856,0.31489
POL-016857,0.48287
POL-016858,0.35994
POL-016859,0.36718
POL-016860,0.24108
POL-016861,0.25218
POL-016862,0.25725
POL-016863,0.23971
POL-016864,0.12088
POL-016865,0.35791
POL-016866,0.43649
POL-016867,0.4241
POL-016868,0.30799
POL-016869,0.44286
POL-016870,0.44655
POL-016871,0.34332
POL-016872,0.42612
POL-016873,0.48689
POL-016874,0.23208
POL-016875,0.2941
POL-016876,0.24064
POL-016877,0.22457
POL-016878,0.23946
POL-016879,0.20636
POL-016880,0.25564
POL-016881,0.26332
POL-016882,0.18539
POL-016883,0.4153
POL-016884,0.19798
POL-016885,0.33598
POL-016886,0.357
POL-016887,0.44469
POL-016888,0.30934
POL-016889,0.57069
POL-016890,0.28638
POL-016891,0.29709
POL-016892,0.44274
POL-016893,0.3778
POL-016894,0.40652
POL-016895,0.16677
POL-016896,0.26829
POL-016897,0.49476
POL-016898,0.36792
POL-016899,0.34437
POL-016900,0.24199
POL-016901,0.21431
POL-016902,0.34115
POL-016903,0.40745
POL-016904,0.41571
POL-016905,0.29816
POL-016906,0.33504
POL-016907,0.28821
POL-016908,0.35742
POL-016909,0.39719
POL-016910,0.39482
POL-016911,0.33377
POL-016912,0.3977
POL-016913,0.19967
POL-016914,0.24661
POL-016915,0.40487
POL-016916,0.35047
POL-016917,0.30828
POL-016918,0.2168
POL-016919,0.21627
POL-016920,0.34993
POL-016921,0.39291
POL-016922,0.15016
POL-016923,0.41362
POL-016924,0.44253
POL-016925,0.49982
POL-016926,0.28281
POL-016927,0.12674
POL-016928,0.43083
POL-016929,0.22935
POL-016930,0.41733
POL-016931,0.2173
POL-016932,0.18274
POL-016933,0.3399
POL-016934,0.28703
POL-016935,0.16981
POL-016936,0.18903
POL-016937,0.35693
POL-016938,0.29901
POL-016939,0.37233
POL-016940,0.24653
POL-016941,0.17178
POL-016942,0.29588
POL-016943,0.24338
POL-016944,0.27895
POL-016945,0.27992
POL-016946,0.39148
POL-016947,0.18115
POL-016948,0.38058
POL-016949,0.35824
POL-016950,0.36224
POL-016951,0.24931
POL-016952,0.38783
POL-016953,0.35507
POL-016954,0.23427
POL-016955,0.42504
POL-016956,0.37924
POL-016957,0.24845
POL-016958,0.15024
POL-016959,0.35197
POL-016960,0.21402
POL-016961,0.24043
POL-016962,0.32642
POL-016963,0.29373
POL-016964,0.27576
POL-016965,0.26877
POL-016966,0.26246
POL-016967,0.22495
POL-016968,0.27428
POL-016969,0.46778
POL-016970,0.34353
POL-016971,0.37192
POL-016972,0.41234
POL-016973,0.39391
POL-016974,0.35339
POL-016975,0.18954
POL-016976,0.19819
POL-016977,0.38524
POL-016978,0.209
POL-016979,0.22492
POL-016980,0.43943
POL-016981,0.28971
POL-016982,0.40391
POL-016983,0.23217
POL-016984,0.32888
POL-016985,0.1477
POL-016986,0.36099
POL-016987,0.27202
POL-016988,0.28478
POL-016989,0.17642
POL-016990,0.38423
POL-016991,0.20238
POL-016992,0.37815
POL-016993,0.51967
POL-016994,0.31823
POL-016995,0.17242
POL-016996,0.37614
POL-016997,0.23805
POL-016998,0.19375
POL-016999,0.3068
POL-017000,0.25223
POL-017001,0.31626
POL-017002,0.36941
POL-017003,0.53758
POL-017004,0.17285
POL-017005,0.34824
POL-017006,0.32463
POL-017007,0.37931
POL-017008,0.15593
POL-017009,0.3453
POL-017010,0.21602
POL-017011,0.38705
POL-017012,0.13977
POL-017013,0.24801
POL-017014,0.30986
POL-017015,0.39808
POL-017016,0.47141
POL-017017,0.21337
POL-017018,0.45797
POL-017019,0.27896
POL-017020,0.46646
POL-017021,0.32093
POL-017022,0.33151
POL-017023,0.2487
POL-017024,0.37587
POL-017025,0.42818
POL-017026,0.17065
POL-017027,0.29131
POL-017028,0.43794
POL-017029,0.40403
POL-017030,0.40498
POL-017031,0.39735
POL-017032,0.31436
POL-017033,0.29884
POL-017034,0.28597
POL-017035,0.22523
POL-017036,0.32978
POL-017037,0.38594
POL-017038,0.38295
POL-017039,0.25492
POL-017040,0.33929
POL-017041,0.26475
POL-017042,0.46542
POL-017043,0.21577
POL-017044,0.32254
POL-017045,0.2763
POL-017046,0.25287
POL-017047,0.37464
POL-017048,0.46367
POL-017049,0.28175
POL-017050,0.22988
POL-017051,0.24405
POL-017052,0.28592
POL-017053,0.47394
POL-017054,0.39153
POL-017055,0.30334
POL-017056,0.22083
POL-017057,0.22257
POL-017058,0.18196
POL-017059,0.2872
POL-017060,0.27869
POL-017061,0.34854
POL-017062,0.20541
POL-017063,0.3339
POL-017064,0.43654
POL-017065,0.47392
POL-017066,0.18981
POL-017067,0.35535
POL-017068,0.35891
POL-017069,0.27385
POL-017070,0.32597
POL-017071,0.22162
POL-017072,0.27334
POL-017073,0.37149
POL-017074,0.42071
POL-017075,0.29112
POL-017076,0.22797
POL-017077,0.35892
POL-017078,0.30095
POL-017079,0.35935
POL-017080,0.4284
POL-017081,0.12761
POL-017082,0.24516
POL-017083,0.14446
POL-017084,0.25103
POL-017085,0.34472
POL-017086,0.27033
POL-017087,0.4554
POL-017088,0.4376
POL-017089,0.31365
POL-017090,0.35467
POL-017091,0.25208
POL-017092,0.19527
POL-017093,0.30786
POL-017094,0.24539
POL-017095,0.28354
POL-017096,0.40359
POL-017097,0.23655
POL-017098,0.3206
POL-017099,0.4466
POL-017100,0.27802
POL-017101,0.42258
POL-017102,0.35307
POL-017103,0.42469
POL-017104,0.287
POL-017105,0.2197
POL-017106,0.29743
POL-017107,0.40156
POL-017108,0.38409
POL-017109,0.26821
POL-017110,0.3066
POL-017111,0.27685
POL-017112,0.35904
POL-017113,0.2373
POL-017114,0.3821
POL-017115,0.1659
POL-017116,0.38933
POL-017117,0.1621
POL-017118,0.25992
POL-017119,0.20171
POL-017120,0.22653
POL-017121,0.3201
POL-017122,0.20966
POL-017123,0.39153
POL-017124,0.34995
POL-017125,0.20984
POL-017126,0.2107
POL-017127,0.49097
POL-017128,0.21415
POL-017129,0.42739
POL-017130,0.39069
POL-017131,0.32323
POL-017132,0.32983
POL-017133,0.34061
POL-017134,0.3232
POL-017135,0.47908
POL-017136,0.46449
POL-017137,0.2234
POL-017138,0.28883
POL-017139,0.22669
POL-017140,0.30168
POL-017141,0.30021
POL-017142,0.43404
POL-017143,0.23718
POL-017144,0.18995
POL-017145,0.34773
POL-017146,0.10094
POL-017147,0.41122
POL-017148,0.33909
POL-017149,0.16645
POL-017150,0.34531
POL-017151,0.33429
POL-017152,0.50397
POL-017153,0.1931
POL-017154,0.23206
POL-017155,0.2402
POL-017156,0.14774
POL-017157,0.32487
POL-017158,0.54753
POL-017159,0.15079
POL-017160,0.21221
POL-017161,0.36239
POL-017162,0.38026
POL-017163,0.36543
POL-017164,0.19088
POL-017165,0.1956
POL-017166,0.17648
POL-017167,0.2494
POL-017168,0.32177
POL-017169,0.41315
POL-017170,0.42314
POL-017171,0.30705
POL-017172,0.25469
POL-017173,0.14815
POL-017174,0.31706
POL-017175,0.20654
POL-017176,0.25875
POL-017177,0.27695
POL-017178,0.41382
POL-017179,0.21669
POL-017180,0.3536
POL-017181,0.30018
POL-017182,0.19862
POL-017183,0.50262
POL-017184,0.32775
POL-017185,0.39177
POL-017186,0.30391
POL-017187,0.56016
POL-017188,0.23918
POL-017189,0.14406
POL-017190,0.38687
POL-017191,0.1879
POL-017192,0.39113
POL-017193,0.35788
POL-017194,0.32859
POL-017195,0.38832
POL-017196,0.40639
POL-017197,0.56915
POL-017198,0.45539
POL-017199,0.39959
POL-017200,0.51933
POL-017201,0.2179
POL-017202,0.36674
POL-017203,0.33764
POL-017204,0.52978
POL-017205,0.2484
POL-017206,0.40347
POL-017207,0.34266
POL-017208,0.19462
POL-017209,0.21926
POL-017210,0.38831
POL-017211,0.28893
POL-017212,0.32687
POL-017213,0.38996
POL-017214,0.24219
POL-017215,0.27406
POL-017216,0.38653
POL-017217,0.31337
POL-017218,0.46112
POL-017219,0.18726
POL-017220,0.17339
POL-017221,0.27223
POL-017222,0.25678
POL-017223,0.21826
POL-017224,0.11512
POL-017225,0.35012
POL-017226,0.39793
POL-017227,0.22169
POL-017228,0.4627
POL-017229,0.3885
POL-017230,0.27854
POL-017231,0.50271
POL-017232,0.3044
POL-017233,0.1854
POL-017234,0.32488
POL-017235,0.21959
POL-017236,0.18415
POL-017237,0.39495
POL-017238,0.40907
POL-017239,0.32577
POL-017240,0.24897
POL-017241,0.16159
POL-017242,0.38764
POL-017243,0.22878
POL-017244,0.2875
POL-017245,0.35652
POL-017246,0.19052
POL-017247,0.17511
POL-017248,0.23227
POL-017249,0.42871
POL-017250,0.19153
POL-017251,0.27858
POL-017252,0.2218
POL-017253,0.20858
POL-017254,0.33697
POL-017255,0.34233
POL-017256,0.27128
POL-017257,0.38443
POL-017258,0.25885
POL-017259,0.40415
POL-017260,0.20056
POL-017261,0.24268
POL-017262,0.22624
POL-017263,0.42753
POL-017264,0.14655
POL-017265,0.25289
POL-017266,0.24851
POL-017267,0.24348
POL-017268,0.31559
POL-017269,0.26612
POL-017270,0.4212
POL-017271,0.40595
POL-017272,0.2371
POL-017273,0.23826
POL-017274,0.24003
POL-017275,0.24597
POL-017276,0.20285
POL-017277,0.44493
POL-017278,0.35026
POL-017279,0.42283
POL-017280,0.39532
POL-017281,0.31791
POL-017282,0.27283
POL-017283,0.41319
POL-017284,0.22118
POL-017285,0.29974
POL-017286,0.28996
POL-017287,0.24036
POL-017288,0.24021
POL-017289,0.21381
POL-017290,0.16937
POL-017291,0.40217
POL-017292,0.16907
POL-017293,0.17947
POL-017294,0.30307
POL-017295,0.27757
POL-017296,0.3111
POL-017297,0.33102
POL-017298,0.45442
POL-017299,0.19307
POL-017300,0.20476
POL-017301,0.50327
POL-017302,0.23525
POL-017303,0.29182
POL-017304,0.39435
POL-017305,0.31222
POL-017306,0.35021
POL-017307,0.39733
POL-017308,0.22065
POL-017309,0.40921
POL-017310,0.17691
POL-017311,0.53714
POL-017312,0.28209
POL-017313,0.32155
POL-017314,0.26136
POL-017315,0.26838
POL-017316,0.16454
POL-017317,0.2104
POL-017318,0.3668
POL-017319,0.25177
POL-017320,0.3595
POL-017321,0.20705
POL-017322,0.3053
POL-017323,0.38347
POL-017324,0.22401
POL-017325,0.32512
POL-017326,0.23887
POL-017327,0.30646
POL-017328,0.18573
POL-017329,0.20691
POL-017330,0.32391
POL-017331,0.21388
POL-017332,0.45884
POL-017333,0.41448
POL-017334,0.20439
POL-017335,0.23025
POL-017336,0.27334
POL-017337,0.43539
POL-017338,0.18213
POL-017339,0.13518
POL-017340,0.25016
POL-017341,0.2506
POL-017342,0.44441
POL-017343,0.26944
POL-017344,0.16948
POL-017345,0.17339
POL-017346,0.20209
POL-017347,0.23269
POL-017348,0.28111
POL-017349,0.29858
POL-017350,0.17075
POL-017351,0.42935
POL-017352,0.22505
POL-017353,0.42147
POL-017354,0.40551
POL-017355,0.1804
POL-017356,0.24711
POL-017357,0.27755
POL-017358,0.34433
POL-017359,0.27301
POL-017360,0.35126
POL-017361,0.18059
POL-017362,0.40398
POL-017363,0.40128
POL-017364,0.17662
POL-017365,0.42579
POL-017366,0.18239
POL-017367,0.36275
POL-017368,0.40312
POL-017369,0.29581
POL-017370,0.22612
POL-017371,0.41215
POL-017372,0.37518
POL-017373,0.26793
POL-017374,0.35017
POL-017375,0.33145
POL-017376,0.29861
POL-017377,0.30674
POL-017378,0.48167
POL-017379,0.47334
POL-017380,0.45233
POL-017381,0.25437
POL-017382,0.31885
POL-017383,0.35008
POL-017384,0.40164
POL-017385,0.33037
POL-017386,0.24638
POL-017387,0.39649
POL-017388,0.22745
POL-017389,0.5581
POL-017390,0.46124
POL-017391,0.25865
POL-017392,0.25483
POL-017393,0.36079
POL-017394,0.36721
POL-017395,0.41821
POL-017396,0.31876
POL-017397,0.21378
POL-017398,0.35001
POL-017399,0.14989
POL-017400,0.21498
POL-017401,0.29038
POL-017402,0.33301
POL-017403,0.23673
POL-017404,0.34119
POL-017405,0.18675
POL-017406,0.20342
POL-017407,0.27444
POL-017408,0.4033
POL-017409,0.26754
POL-017410,0.53536
POL-017411,0.17897
POL-017412,0.23535
POL-017413,0.46315
POL-017414,0.34553
POL-017415,0.23575
POL-017416,0.25094
POL-017417,0.15494
POL-017418,0.12444
POL-017419,0.24264
POL-017420,0.35916
POL-017421,0.16983
POL-017422,0.3895
POL-017423,0.29371
POL-017424,0.36198
POL-017425,0.32222
POL-017426,0.33621
POL-017427,0.18534
POL-017428,0.38997
POL-017429,0.25232
POL-017430,0.24038
POL-017431,0.19243
POL-017432,0.38738
POL-017433,0.31663
POL-017434,0.35131
POL-017435,0.25466
POL-017436,0.36308
POL-017437,0.24876
POL-017438,0.34524
POL-017439,0.37264
POL-017440,0.23505
POL-017441,0.4219
POL-017442,0.29598
POL-017443,0.3365
POL-017444,0.30836
POL-017445,0.37938
POL-017446,0.20855
POL-017447,0.41161
POL-017448,0.16915
POL-017449,0.28255
POL-017450,0.5083
POL-017451,0.25455
POL-017452,0.28116
POL-017453,0.48054
POL-017454,0.21274
POL-017455,0.27522
POL-017456,0.13799
POL-017457,0.24422
POL-017458,0.37892
POL-017459,0.26244
POL-017460,0.24043
POL-017461,0.3478
POL-017462,0.38079
POL-017463,0.54276
POL-017464,0.39116
POL-017465,0.18399
POL-017466,0.22051
POL-017467,0.36793
POL-017468,0.39093
POL-017469,0.39228
POL-017470,0.31091
POL-017471,0.17808
POL-017472,0.25908
POL-017473,0.29486
POL-017474,0.38894
POL-017475,0.43571
POL-017476,0.42696
POL-017477,0.39189
POL-017478,0.2003
POL-017479,0.30492
POL-017480,0.26406
POL-017481,0.23315
POL-017482,0.31531
POL-017483,0.27618
POL-017484,0.27489
POL-017485,0.36752
POL-017486,0.47992
POL-017487,0.44954
POL-017488,0.32836
POL-017489,0.20134
POL-017490,0.39229
POL-017491,0.21829
POL-017492,0.38997
POL-017493,0.33787
POL-017494,0.33951
POL-017495,0.2916
POL-017496,0.43222
POL-017497,0.20695
POL-017498,0.26482
POL-017499,0.28591
POL-017500,0.30245
POL-017501,0.49771
POL-017502,0.27847
POL-017503,0.21651
POL-017504,0.19618
POL-017505,0.17338
POL-017506,0.28737
POL-017507,0.18422
POL-017508,0.35435
POL-017509,0.15933
POL-017510,0.3404
POL-017511,0.36666
POL-017512,0.43966
POL-017513,0.16283
POL-017514,0.19345
POL-017515,0.17994
POL-017516,0.2321
POL-017517,0.42887
POL-017518,0.25864
POL-017519,0.36334
POL-017520,0.199
POL-017521,0.3464
POL-017522,0.40146
POL-017523,0.43766
POL-017524,0.19156
POL-017525,0.48235
POL-017526,0.46704
POL-017527,0.39464
POL-017528,0.21994
POL-017529,0.3813
POL-017530,0.16986
POL-017531,0.36886
POL-017532,0.27497
POL-017533,0.32708
POL-017534,0.46939
POL-017535,0.30569
POL-017536,0.26799
POL-017537,0.19317
POL-017538,0.26789
POL-017539,0.48499
POL-017540,0.28822
POL-017541,0.29067
POL-017542,0.20675
POL-017543,0.25962
POL-017544,0.18119
POL-017545,0.10781
POL-017546,0.25504
POL-017547,0.26123
POL-017548,0.3699
POL-017549,0.40904
POL-017550,0.45358
POL-017551,0.24256
POL-017552,0.16728
POL-017553,0.25904
POL-017554,0.19302
POL-017555,0.34893
POL-017556,0.27079
POL-017557,0.26888
POL-017558,0.30779
POL-017559,0.26885
POL-017560,0.31788
POL-017561,0.3191
POL-017562,0.15943
POL-017563,0.17105
POL-017564,0.27978
POL-017565,0.3434
POL-017566,0.23926
POL-017567,0.22136
POL-017568,0.26736
POL-017569,0.24276
POL-017570,0.26105
POL-017571,0.38678
POL-017572,0.21719
POL-017573,0.13329
POL-017574,0.36682
POL-017575,0.21814
POL-017576,0.49643
POL-017577,0.26961
POL-017578,0.13513
POL-017579,0.48445
POL-017580,0.34792
POL-017581,0.28893
POL-017582,0.18252
POL-017583,0.34027
POL-017584,0.4274
POL-017585,0.2751
POL-017586,0.16708
POL-017587,0.30635
POL-017588,0.26626
POL-017589,0.34891
POL-017590,0.28523
POL-017591,0.30806
POL-017592,0.38715
POL-017593,0.26819
POL-017594,0.4487
POL-017595,0.40737
POL-017596,0.38842
POL-017597,0.31799
POL-017598,0.17236
POL-017599,0.37285
POL-017600,0.26487
POL-017601,0.22267
POL-017602,0.19192
POL-017603,0.24926
POL-017604,0.32521
POL-017605,0.18004
POL-017606,0.15006
POL-017607,0.13658
POL-017608,0.17857
POL-017609,0.25726
POL-017610,0.43653
POL-017611,0.21144
POL-017612,0.37029
POL-017613,0.37032
POL-017614,0.3606
POL-017615,0.36968
POL-017616,0.24698
POL-017617,0.13946
POL-017618,0.22635
POL-017619,0.31067
POL-017620,0.44099
POL-017621,0.35772
POL-017622,0.40328
POL-017623,0.50256
POL-017624,0.36622
POL-017625,0.16241
POL-017626,0.22812
POL-017627,0.38773
POL-017628,0.24152
POL-017629,0.51287
POL-017630,0.39172
POL-017631,0.43505
POL-017632,0.27646
POL-017633,0.42446
POL-017634,0.23636
POL-017635,0.35046
POL-017636,0.40583
POL-017637,0.33774
POL-017638,0.35374
POL-017639,0.34871
POL-017640,0.21289
POL-017641,0.23208
POL-017642,0.23382
POL-017643,0.39995
POL-017644,0.31584
POL-017645,0.28563
POL-017646,0.24627
POL-017647,0.28054
POL-017648,0.31444
POL-017649,0.4472
POL-017650,0.49712
POL-017651,0.30795
POL-017652,0.37897
POL-017653,0.18299
POL-017654,0.21862
POL-017655,0.35695
POL-017656,0.34571
POL-017657,0.25663
POL-017658,0.39715
POL-017659,0.53591
POL-017660,0.25463
POL-017661,0.44432
POL-017662,0.29414
POL-017663,0.4352
POL-017664,0.18687
POL-017665,0.22262
POL-017666,0.33965
POL-017667,0.46021
POL-017668,0.28805
POL-017669,0.16497
POL-017670,0.42429
POL-017671,0.41603
POL-017672,0.34089
POL-017673,0.42554
POL-017674,0.36321
POL-017675,0.21247
POL-017676,0.37227
POL-017677,0.19921
POL-017678,0.28261
POL-017679,0.21231
POL-017680,0.20024
POL-017681,0.48745
POL-017682,0.13387
POL-017683,0.17128
POL-017684,0.31639
POL-017685,0.33318
POL-017686,0.26851
POL-017687,0.41392
POL-017688,0.41428
POL-017689,0.3614
POL-017690,0.21881
POL-017691,0.24532
POL-017692,0.35301
POL-017693,0.17411
POL-017694,0.44994
POL-017695,0.26726
POL-017696,0.42157
POL-017697,0.28529
POL-017698,0.36526
POL-017699,0.35705
POL-017700,0.40029
POL-017701,0.22165
POL-017702,0.14945
POL-017703,0.30745
POL-017704,0.41733
POL-017705,0.19236
POL-017706,0.33609
POL-017707,0.37851
POL-017708,0.35748
POL-017709,0.42525
POL-017710,0.39604
POL-017711,0.15862
POL-017712,0.37263
POL-017713,0.40481
POL-017714,0.33698
POL-017715,0.1911
POL-017716,0.17753
POL-017717,0.18343
POL-017718,0.20872
POL-017719,0.29424
POL-017720,0.44935
POL-017721,0.16215
POL-017722,0.12748
POL-017723,0.22889
POL-017724,0.23434
POL-017725,0.48376
POL-017726,0.39443
POL-017727,0.2828
POL-017728,0.20166
POL-017729,0.36056
POL-017730,0.30784
POL-017731,0.39055
POL-017732,0.41705
POL-017733,0.46856
POL-017734,0.25458
POL-017735,0.19534
POL-017736,0.23168
POL-017737,0.43755
POL-017738,0.22874
POL-017739,0.33177
POL-017740,0.25453
POL-017741,0.32382
POL-017742,0.27931
POL-017743,0.22134
POL-017744,0.33928
POL-017745,0.553
POL-017746,0.25013
POL-017747,0.34495
POL-017748,0.4445
POL-017749,0.26191
POL-017750,0.18997
POL-017751,0.2689
POL-017752,0.41393
POL-017753,0.20672
POL-017754,0.2167
POL-017755,0.20609
POL-017756,0.21954
POL-017757,0.29399
POL-017758,0.22229
POL-017759,0.38561
POL-017760,0.28865
POL-017761,0.36769
POL-017762,0.37485
POL-017763,0.35067
POL-017764,0.30983
POL-017765,0.3727
POL-017766,0.26396
POL-017767,0.31397
POL-017768,0.30295
POL-017769,0.34632
POL-017770,0.21277
POL-017771,0.20356
POL-017772,0.25395
POL-017773,0.39694
POL-017774,0.22268
POL-017775,0.41989
POL-017776,0.24888
POL-017777,0.35948
POL-017778,0.23362
POL-017779,0.18475
POL-017780,0.34181
POL-017781,0.2134
POL-017782,0.51816
POL-017783,0.43762
POL-017784,0.16186
POL-017785,0.25759
POL-017786,0.24109
POL-017787,0.43692
POL-017788,0.29591
POL-017789,0.19834
POL-017790,0.25804
POL-017791,0.20019
POL-017792,0.18664
POL-017793,0.23683
POL-017794,0.51015
POL-017795,0.21227
POL-017796,0.17315
POL-017797,0.23576
POL-017798,0.45816
POL-017799,0.31819
POL-017800,0.4342
POL-017801,0.41786
POL-017802,0.46154
POL-017803,0.23486
POL-017804,0.25979
POL-017805,0.36439
POL-017806,0.34152
POL-017807,0.16315
POL-017808,0.29754
POL-017809,0.39039
POL-017810,0.54129
POL-017811,0.3455
POL-017812,0.21246
POL-017813,0.37293
POL-017814,0.23211
POL-017815,0.21555
POL-017816,0.26741
POL-017817,0.21591
POL-017818,0.41408
POL-017819,0.23251
POL-017820,0.29477
POL-017821,0.30847
POL-017822,0.22706
POL-017823,0.18354
POL-017824,0.23923
POL-017825,0.24795
POL-017826,0.33886
POL-017827,0.32873
POL-017828,0.21835
POL-017829,0.25022
POL-017830,0.39615
POL-017831,0.31392
POL-017832,0.29689
POL-017833,0.46828
POL-017834,0.4198
POL-017835,0.20337
POL-017836,0.30485
POL-017837,0.34066
POL-017838,0.45909
POL-017839,0.37042
POL-017840,0.47047
POL-017841,0.30639
POL-017842,0.13456
POL-017843,0.18744
POL-017844,0.18757
POL-017845,0.19847
POL-017846,0.44103
POL-017847,0.22464
POL-017848,0.28204
POL-017849,0.39066
POL-017850,0.15694
POL-017851,0.24003
POL-017852,0.36013
POL-017853,0.31614
POL-017854,0.2169
POL-017855,0.3964
POL-017856,0.15781
POL-017857,0.19785
POL-017858,0.38496
POL-017859,0.19762
POL-017860,0.38568
POL-017861,0.12279
POL-017862,0.27891
POL-017863,0.51138
POL-017864,0.28736
POL-017865,0.51918
POL-017866,0.29479
POL-017867,0.25852
POL-017868,0.1738
POL-017869,0.40599
POL-017870,0.20174
POL-017871,0.34158
POL-017872,0.27413
POL-017873,0.12876
POL-017874,0.18467
POL-017875,0.29831
POL-017876,0.39074
POL-017877,0.10516
POL-017878,0.18877
POL-017879,0.57508
POL-017880,0.29621
POL-017881,0.29129
POL-017882,0.43433
POL-017883,0.29345
POL-017884,0.20917
POL-017885,0.21685
POL-017886,0.1871
POL-017887,0.22668
POL-017888,0.3815
POL-017889,0.40343
POL-017890,0.38779
POL-017891,0.40986
POL-017892,0.28226
POL-017893,0.211
POL-017894,0.27255
POL-017895,0.38994
POL-017896,0.35895
POL-017897,0.28647
POL-017898,0.44862
POL-017899,0.14048
POL-017900,0.30893
POL-017901,0.21922
POL-017902,0.39073
POL-017903,0.30607
POL-017904,0.21231
POL-017905,0.30235
POL-017906,0.36008
POL-017907,0.2097
POL-017908,0.32486
POL-017909,0.33199
POL-017910,0.4312
POL-017911,0.29599
POL-017912,0.34245
POL-017913,0.42422
POL-017914,0.40484
POL-017915,0.27384
POL-017916,0.28651
POL-017917,0.36348
POL-017918,0.4163
POL-017919,0.43574
POL-017920,0.35666
POL-017921,0.31436
POL-017922,0.2357
POL-017923,0.37188
POL-017924,0.37241
POL-017925,0.22656
POL-017926,0.30523
POL-017927,0.4124
POL-017928,0.25161
POL-017929,0.22126
POL-017930,0.27817
POL-017931,0.23359
POL-017932,0.37126
POL-017933,0.43048
POL-017934,0.40565
POL-017935,0.36453
POL-017936,0.24352
POL-017937,0.30933
POL-017938,0.362
POL-017939,0.2935
POL-017940,0.31809
POL-017941,0.14153
POL-017942,0.36262
POL-017943,0.179
POL-017944,0.38925
POL-017945,0.5099
POL-017946,0.2446
POL-017947,0.38063
POL-017948,0.19676
POL-017949,0.40997
POL-017950,0.21868
POL-017951,0.21949
POL-017952,0.36982
POL-017953,0.23871
POL-017954,0.26151
POL-017955,0.33466
POL-017956,0.34144
POL-017957,0.24786
POL-017958,0.25588
POL-017959,0.36469
POL-017960,0.33175
POL-017961,0.3349
POL-017962,0.20586
POL-017963,0.18516
POL-017964,0.35843
POL-017965,0.38829
POL-017966,0.17596
POL-017967,0.2439
POL-017968,0.46039
POL-017969,0.4951
POL-017970,0.34459
POL-017971,0.46689
POL-017972,0.34149
POL-017973,0.31228
POL-017974,0.26572
POL-017975,0.48663
POL-017976,0.25331
POL-017977,0.32071
POL-017978,0.28119
POL-017979,0.36016
POL-017980,0.21988
POL-017981,0.43024
POL-017982,0.35583
POL-017983,0.24978
POL-017984,0.34587
POL-017985,0.36396
POL-017986,0.18717
POL-017987,0.2406
POL-017988,0.27569
POL-017989,0.23829
POL-017990,0.1757
POL-017991,0.33002
POL-017992,0.35555
POL-017993,0.15973
POL-017994,0.31652
POL-017995,0.24895
POL-017996,0.3293
POL-017997,0.32193
POL-017998,0.17874
POL-017999,0.21768
POL-018000,0.28996
